,e,r,roll_avg_r,roll_std_r,upper_r,lower_r
0,0,26.0,,,,
1,1,32.0,,,,
2,2,43.0,,,,
3,3,32.0,,,,
4,4,15.0,,,,
5,5,17.0,,,,
6,6,11.0,,,,
7,7,40.0,,,,
8,8,31.0,,,,
9,9,21.0,,,,
10,10,56.0,,,,
11,11,25.0,,,,
12,12,28.0,,,,
13,13,31.0,,,,
14,14,27.0,,,,
15,15,21.0,,,,
16,16,21.0,,,,
17,17,20.0,,,,
18,18,18.0,,,,
19,19,52.0,,,,
20,20,26.0,,,,
21,21,21.0,,,,
22,22,10.0,,,,
23,23,47.0,,,,
24,24,21.0,,,,
25,25,15.0,,,,
26,26,22.0,,,,
27,27,29.0,,,,
28,28,22.0,,,,
29,29,36.0,,,,
30,30,51.0,,,,
31,31,15.0,,,,
32,32,15.0,,,,
33,33,64.0,,,,
34,34,20.0,,,,
35,35,33.0,,,,
36,36,113.0,,,,
37,37,47.0,,,,
38,38,45.0,,,,
39,39,18.0,,,,
40,40,33.0,,,,
41,41,20.0,,,,
42,42,81.0,,,,
43,43,27.0,,,,
44,44,49.0,,,,
45,45,53.0,,,,
46,46,23.0,,,,
47,47,21.0,,,,
48,48,15.0,,,,
49,49,39.0,31.96,18.924080329742065,69.05119744629445,-5.131197446294443
50,50,49.0,32.42,19.055332961817125,69.76845260516157,-4.92845260516156
51,51,49.0,32.76,19.198809486900107,70.38966659432421,-4.869666594324208
52,52,35.0,32.6,19.144989220286803,70.12417887176213,-4.92417887176213
53,53,33.0,32.62,19.144871962198636,70.14394904590932,-4.903949045909329
54,54,90.0,34.12,20.617646493690188,74.53058712763277,-6.290587127632769
55,55,25.0,34.28,20.512853113527203,74.48519210251331,-5.925192102513314
56,56,34.0,34.74,20.236166854905886,74.40288703561554,-4.922887035615531
57,57,39.0,34.72,20.231355740583492,74.37345725154364,-4.9334572515436435
58,58,66.0,35.42,20.700083801466963,75.99216425087525,-5.152164250875245
59,59,70.0,36.4,21.15829552179842,77.8702592227249,-5.0702592227249
60,60,16.0,35.6,21.15829552179842,77.0702592227249,-5.870259222724897
61,61,21.0,35.52,21.20669898010185,77.08513000099964,-6.045130000999627
62,62,63.0,36.22,21.528614086601017,78.416083609738,-5.976083609737991
63,63,29.0,36.18,21.540365524725328,78.39911642846164,-6.039116428461639
64,64,23.0,36.1,21.582542075691165,78.40178246835468,-6.201782468354679
65,65,18.0,36.04,21.629496111579115,78.43381237869507,-6.353812378695068
66,66,27.0,36.16,21.560886733497156,78.41933799765442,-6.09933799765443
67,67,18.0,36.12,21.59330962145829,78.44288685805824,-6.20288685805825
68,68,11.0,35.98,21.735412654589883,78.58140880299617,-6.6214088029961715
69,69,23.0,35.4,21.68607189616677,77.90470091648686,-7.10470091648687
70,70,44.0,35.76,21.676244873979776,78.24543995300036,-6.725439953000361
71,71,25.0,35.84,21.627986404618603,78.23085335305247,-6.55085335305246
72,72,30.0,36.24,21.32313106387865,78.03333688520216,-5.553336885202157
73,73,46.0,36.22,21.313299479289388,77.9940669794072,-5.554066979407203
74,74,19.0,36.18,21.3443009647416,78.01482989089354,-5.654829890893531
75,75,25.0,36.38,21.18806941923415,77.90861606169894,-5.148616061698931
76,76,42.0,36.78,21.09965663711335,78.13532700874217,-4.575327008742164
77,77,32.0,36.84,21.081339073760397,78.15942458457039,-4.479424584570374
78,78,18.0,36.76,21.146293157092895,78.20673458790208,-4.686734587902073
79,79,21.0,36.46,21.263372743009583,78.13621057629878,-5.216210576298778
80,80,11.0,35.66,21.456752897350494,77.71523567880696,-6.395235678806969
81,81,22.0,35.8,21.341728790215228,77.62978842882185,-6.029788428821853
82,82,27.0,36.04,21.16982835672176,77.53286357917464,-5.452863579174647
83,83,22.0,35.2,20.868881236943015,76.10300722440832,-5.703007224408303
84,84,40.0,35.6,20.76299691317046,76.2954739498141,-5.0954739498140995
85,85,88.0,36.7,22.040084077027668,79.89856479097423,-6.498564790974228
86,86,33.0,35.1,19.09508965623339,72.52637572621745,-2.3263757262174423
87,87,11.0,34.38,19.314676665527617,72.23676626443412,-3.4767662644341257
88,88,89.0,35.26,20.756911806795866,75.9435471413199,-5.423547141319901
89,89,36.0,35.62,20.60700297055763,76.00972582229295,-4.769725822292955
90,90,11.0,35.18,20.896919019075405,76.1379612773878,-5.777961277387796
91,91,32.0,35.42,20.787643503990036,76.16378126782047,-5.323781267820472
92,92,21.0,34.22,19.81165396056222,73.05084176270195,-4.610841762701952
93,93,20.0,34.08,19.888300324460054,73.0610686359417,-4.901068635941705
94,94,21.0,33.52,19.853792111949023,72.4334325394201,-5.393432539420083
95,95,16.0,32.78,19.802380809243246,71.59266638611676,-6.032666386116759
96,96,75.0,33.82,20.626602596983272,74.24814109008722,-6.608141090087209
97,97,43.0,34.26,20.582149983886115,74.60101396841678,-6.081013968416784
98,98,17.0,34.3,20.545867055474293,74.56989942872961,-5.969899428729619
99,99,99.0,35.5,22.486503888840893,79.57354762212816,-8.573547622128153
100,100,80.0,36.12,23.279701239404208,81.74821442923223,-9.508214429232247
101,101,84.0,36.82,24.18355825340675,84.21977417667723,-10.579774176677233
102,102,130.0,38.72,27.537017756808286,92.69255480334424,-15.252554803344239
103,103,24.0,38.54,27.60450273829563,92.64482536705944,-15.564825367059434
104,104,57.0,37.88,26.729667076879498,90.27014747068381,-14.510147470683812
105,105,102.0,39.42,28.152710385339734,94.59931235526588,-15.759312355265877
106,106,31.0,39.36,28.16769027645333,94.56867294184852,-15.848672941848527
107,107,78.0,40.14,28.6926073106944,96.37751032896102,-16.09751032896102
108,108,33.0,39.48,28.46425613907765,95.26994203259218,-16.309942032592197
109,109,51.0,39.1,28.173840812399867,94.32072799230374,-16.120727992303735
110,110,39.0,39.56,27.976053900375838,94.39306564473665,-15.27306564473664
111,111,71.0,40.56,28.191878986976477,95.8160828144739,-14.69608281447389
112,112,118.0,41.66,30.094144796295634,100.64452380073944,-17.324523800739442
113,113,40.0,41.88,30.039864669930765,100.7581347530643,-16.998134753064292
114,114,139.0,44.2,32.89562963342686,108.67543408151664,-20.275434081516636
115,115,70.0,45.24,32.87239397601405,109.66989219298753,-19.189892192987536
116,116,33.0,45.36,32.81535230557147,109.67809051892009,-18.958090518920088
117,117,28.0,45.56,32.67537298945491,109.60373105933162,-18.483731059331618
118,118,141.0,48.16,34.96141313166939,116.684369738072,-20.364369738072
119,119,34.0,48.38,34.83423720469062,116.65510492119361,-19.895104921193614
120,120,38.0,48.26,34.85995890264182,116.58551944917798,-20.065519449177977
121,121,83.0,49.42,35.034729125511426,118.08806908600239,-19.24806908600239
122,122,124.0,51.3,36.46426822442563,122.76996571987424,-20.16996571987424
123,123,73.0,51.84,36.58390412211805,123.54445207935137,-19.864452079351366
124,124,48.0,52.42,36.28126519405893,123.5312797803555,-18.6912797803555
125,125,94.0,53.8,36.528434549159705,125.39573171635301,-17.795731716353018
126,126,163.0,56.22,39.60895075095825,133.85354347187817,-21.41354347187817
127,127,137.0,58.32,41.0556814532634,138.78913564839627,-22.14913564839626
128,128,118.0,60.32,41.48490750888096,141.63041871740668,-20.990418717406676
129,129,95.0,61.8,41.3733622278975,142.89178996667908,-19.291789966679104
130,130,36.0,62.3,40.89521203450275,142.45461558762537,-17.85461558762539
131,131,145.0,64.76,42.10315805693614,147.28218979159482,-17.76218979159482
132,132,177.0,67.76,44.626138583771265,155.2272316241917,-19.707231624191678
133,133,141.0,70.14,45.303966578602164,158.93577449406024,-18.65577449406024
134,134,231.0,73.96,50.4688062882734,172.87886032501586,-24.958860325015863
135,135,139.0,74.98,51.267402222194214,175.46410835550066,-25.504108355500648
136,136,161.0,77.54,52.31350159356178,180.0744631233811,-24.99446312338108
137,137,173.0,80.78,53.11876950259096,184.89278822507828,-23.332788225078275
138,138,132.0,81.64,53.60047212707084,186.69692536905885,-23.416925369058845
139,139,259.0,86.1,58.75519950938602,201.26019103839658,-29.060191038396596
140,140,222.0,90.32,60.79320585025123,209.47468346649242,-28.83468346649242
141,141,182.0,93.32,61.552844394562506,213.9635750133425,-27.32357501334252
142,142,190.0,96.7,62.1378487308497,218.49018351246542,-25.0901835124654
143,143,113.0,98.56,61.17961511911013,218.47204563345588,-21.35204563345586
144,144,200.0,102.14,61.78270347742637,223.23409881575566,-18.95409881575567
145,145,126.0,104.34,60.59992927860088,223.11586138605773,-14.435861386057724
146,146,130.0,105.44,60.555644843804444,224.1290638938567,-13.249063893856714
147,147,212.0,108.82,61.70492323162235,229.7616495339798,-12.12164953397982
148,148,125.0,110.98,60.299419566028995,229.16686234941682,-7.206862349416824
149,149,131.0,111.62,60.339478395667506,229.8853776555083,-6.645377655508298
150,150,107.0,112.16,60.1713064711826,230.09576068351788,-5.775760683517888
151,151,141.0,113.3,60.1668598184097,231.227045244083,-4.627045244083007
152,152,169.0,114.08,60.63872272630379,232.9318965435554,-4.771896543555428
153,153,173.0,117.06,59.776594286474676,234.22212480149037,-0.10212480149036196
154,154,196.0,119.84,60.15739898849704,237.7485020174542,1.9314979825458067
155,155,112.0,120.04,60.113484513943824,237.86242964732992,2.2175703526701085
156,156,130.0,122.02,58.73548105441785,237.141542866659,6.898457133341012
157,157,110.0,122.66,58.41952776674763,237.16227442282536,8.157725577174645
158,158,162.0,125.24,57.21515426485384,237.38170235911352,13.098297640886472
159,159,84.0,125.9,56.527490151758414,236.6938806974465,15.106119302553523
160,160,173.0,128.58,55.49042572317117,237.3412344174155,19.81876558258452
161,161,63.0,128.42,55.671078484180974,237.53531382899467,19.304686171005287
162,162,154.0,129.14,55.76627976818675,238.44190834564603,19.83809165435396
163,163,167.0,131.68,54.50124132643632,238.5024329998152,24.857567000184815
164,164,180.0,132.5,54.92044338896781,240.1440690423769,24.855930957623087
165,165,151.0,134.12,54.22953484015509,240.40988828670396,27.830111713296034
166,166,118.0,135.82,52.292618591763755,238.31353243985694,33.32646756014303
167,167,82.0,136.9,50.54892558255837,235.97589414181442,37.824105858185604
168,168,126.0,136.6,50.568603633770536,235.71446312219024,37.48553687780975
169,169,299.0,141.9,53.40345093183187,246.57076382639048,37.229236173609536
170,170,129.0,143.72,51.29945697289874,244.26693566688152,43.173064333118475
171,171,156.0,145.18,50.5696892356257,244.2965909018264,46.063409098173636
172,172,267.0,148.04,53.31652115968775,252.54038147298797,43.539618527011996
173,173,242.0,151.42,53.81680565983618,256.9009390932789,45.93906090672108
174,174,225.0,154.96,52.684645170435545,258.2219045340537,51.69809546594634
175,175,170.0,156.48,51.981645112206984,258.36402441992567,54.59597558007431
176,176,134.0,155.9,52.06912595339991,257.9554868686638,53.844513131336186
177,177,142.0,156.0,52.03687860252459,257.9922820609482,54.007717939051815
178,178,212.0,157.88,52.333171281000496,260.45301571076095,55.306984289239026
179,179,165.0,159.28,51.54710150405542,260.3123189479486,58.24768105205138
180,180,167.0,161.9,48.38546332551228,256.7355081180041,67.06449188199593
181,181,140.0,161.8,48.42625363185068,256.71545711842737,66.88454288157268
182,182,141.0,161.08,48.46325770043508,256.0679850928528,66.09201490714726
183,183,199.0,162.24,48.66652874829032,257.626396346649,66.85360365335099
184,184,45.0,158.52,50.38190475290327,257.26853331569043,59.7714666843096
185,185,223.0,160.2,51.11292020854319,260.38132360874465,60.01867639125534
186,186,170.0,160.38,51.13163883346517,260.5980121135917,60.16198788640827
187,187,132.0,159.56,51.253734557810056,260.0173197333077,59.10268026669229
188,188,220.0,161.32,51.79608369089588,262.8403240341559,59.799675965844074
189,189,126.0,158.66,50.063473996232354,256.78440903261543,60.53559096738458
190,190,126.0,156.74,49.42147347880606,253.60608801845987,59.87391198154015
191,191,140.0,155.9,49.34023899084269,252.60686842205166,59.193131577948336
192,192,138.0,154.86,49.154487826335775,251.20279613961813,58.5172038603819
193,193,124.0,155.08,48.98764525627973,251.09578470230826,59.064215297691746
194,194,148.0,154.04,48.564688607998306,249.22678967167667,58.853210328323314
195,195,123.0,153.98,48.60187701086858,249.2396789413024,58.72032105869758
196,196,149.0,154.36,48.48469567075488,249.39000351467956,59.32999648532045
197,197,116.0,152.44,48.05445890245948,246.62673944882056,58.25326055117942
198,198,114.0,152.22,48.2075826028247,246.7068619015364,57.733138098463584
199,199,116.0,151.92,48.38866455217441,246.76178252226183,57.07821747773815
200,200,118.0,152.14,48.204923958840084,246.62165095932653,57.65834904067343
201,201,273.0,154.78,51.109442396105436,254.95450709636665,54.60549290363335
202,202,187.0,155.14,51.27477400222838,255.63855704436762,54.64144295563236
203,203,145.0,154.58,51.228615249762186,254.9880858895339,54.17191411046613
204,204,159.0,153.84,50.88416617521547,253.5729657034223,54.10703429657768
205,205,239.0,156.38,51.91236335775668,258.1282321812031,54.6317678187969
206,206,316.0,160.1,56.44945364063796,270.7409291356504,49.459070864349584
207,207,225.0,162.4,56.70870789411809,273.54906747247145,51.25093252752855
208,208,149.0,162.14,56.740371834509254,273.35112879563815,50.928871204361855
209,209,251.0,165.48,56.961583903683106,277.12470445121886,53.835295548781104
210,210,214.0,166.3,57.36572609679275,278.7368231497138,53.86317685028622
211,211,236.0,169.76,56.21371755022372,279.9388863984385,59.5811136015615
212,212,257.0,171.82,57.497006133238955,284.5141320211483,59.125867978851645
213,213,132.0,171.12,57.7692948595656,284.3478179247486,57.89218207525144
214,214,225.0,172.02,58.25891891078194,286.2074810651326,57.83251893486742
215,215,274.0,174.48,59.92622675474595,291.93540443930203,57.02459556069793
216,216,214.0,176.4,59.6168035482122,293.2489349544959,59.5510650455041
217,217,231.0,179.38,58.51561452174237,294.07060446261505,64.68939553738495
218,218,463.0,186.12,70.43585589682553,324.17427755777805,48.06572244222198
219,219,500.0,190.14,81.8248527686561,350.51671142656596,29.76328857343404
220,220,329.0,194.14,83.64331706595526,358.0809014492723,30.199098550727683
221,221,100.0,193.02,84.53461795414388,358.707851190122,27.332148809877992
222,222,192.0,191.52,83.85780968340374,355.88130697947133,27.158693020528688
223,223,297.0,192.62,84.88789486067819,359.00027392692925,26.239726073070756
224,224,136.0,190.84,85.12784143718848,357.69056921688946,23.989430783110578
225,225,312.0,193.68,86.77120748831143,363.7515666770904,23.608433322909605
226,226,195.0,194.9,86.34275550717287,364.1318007940588,25.668199205941193
227,227,243.0,196.92,86.26131159187774,365.99217072008037,27.84782927991961
228,228,430.0,201.28,92.33458237324095,382.25578145155225,20.30421854844775
229,229,500.0,207.98,101.36124324737273,406.64803676485053,9.311963235149449
230,230,188.0,208.4,101.23139788804336,406.813539860565,9.986460139435025
231,231,245.0,210.5,100.87196370262895,408.20904885715277,12.790951142847263
232,232,333.0,214.34,101.82229618310521,413.9117005188862,14.768299481113786
233,233,179.0,213.94,101.92302217349912,413.70912346005827,14.17087653994173
234,234,299.0,219.02,99.63514870337103,414.30489145860724,23.735108541392805
235,235,267.0,219.9,99.86506201993218,415.6355215590671,24.164478440932925
236,236,447.0,225.44,104.61087468347073,430.4773143796026,20.402685620397392
237,237,500.0,232.8,110.67252668691226,449.71815230634803,15.881847693651991
238,238,261.0,233.62,110.72762868905863,450.6461522305549,16.59384776944509
239,239,261.0,236.32,109.69092757305289,451.31421804318364,21.325781956816343
240,240,376.0,241.32,110.25599895752815,457.4217579567552,25.218242043244828
241,241,335.0,245.22,110.04753889263735,460.9131762295692,29.52682377043081
242,242,460.0,251.66,113.02638485534865,473.19171431648334,30.12828568351665
243,243,500.0,259.18,116.80450962778687,488.1168388704623,30.243161129537754
244,244,133.0,258.88,117.11474227074427,488.4248948506588,29.335105149341217
245,245,500.0,266.42,120.28114853906887,502.171051136575,30.668948863425044
246,246,500.0,273.44,123.4882725986065,515.4770142932687,31.402985706731272
247,247,190.0,274.92,121.99729672481789,514.0347015806431,35.80529841935697
248,248,225.0,277.14,120.0028928222744,512.3456699316578,41.93433006834215
249,249,259.0,280.0,117.76732508273612,510.8239571621628,49.1760428378372
250,250,234.0,282.32,115.63408861135882,508.9628136782633,55.67718632173671
251,251,178.0,280.42,116.56706749545425,508.89145229109033,51.94854770890967
252,252,231.0,281.3,116.01218268187286,508.6838780564708,53.91612194352922
253,253,127.0,280.94,116.47079164375265,509.22275162175515,52.657248378244816
254,254,252.0,282.8,115.21957741811136,508.6303717394983,56.969628260501764
255,255,277.0,283.56,115.0499731704906,509.0579474141616,58.062052585838416
256,256,333.0,283.9,115.17285146372694,509.6387888689048,58.16121113109517
257,257,166.0,282.72,116.0872367257152,510.2509839824018,55.18901601759825
258,258,249.0,284.72,114.58817832675801,509.3128295204457,60.12717047955434
259,259,297.0,285.64,114.49654838394358,510.05323483252937,61.226765167470575
260,260,280.0,286.96,114.03328550945828,510.46523959853823,63.454760401461755
261,261,188.0,286.0,114.6713137802198,510.7557750092308,61.2442249907692
262,262,308.0,287.02,114.63491116210128,511.70442587771845,62.335574122281486
263,263,484.0,294.06,115.72388143634774,520.8788076152416,67.24119238475845
264,264,221.0,293.98,115.77396873535382,520.8969787212935,67.06302127870654
265,265,142.0,291.34,117.7273935143111,522.0856912880497,60.59430871195022
266,266,175.0,290.56,118.37766612302627,522.5802256011315,58.5397743988685
267,267,247.0,290.88,118.23491662873565,522.6204365923219,59.13956340767814
268,268,387.0,289.36,116.45210279294207,517.6061214741665,61.11387852583357
269,269,500.0,289.36,116.45210279294207,517.6061214741665,61.11387852583357
270,270,309.0,288.96,116.34746693084675,517.0010351844596,60.91896481554036
271,271,343.0,293.82,113.32933586387475,515.9454982931945,71.69450170680548
272,272,196.0,293.9,113.25738251380145,515.8844697270508,71.91553027294916
273,273,304.0,294.04,113.26561882655854,516.0406129000547,72.03938709994529
274,274,294.0,297.2,110.94676053616605,514.6556506508855,79.74434934911451
275,275,449.0,299.94,112.99257877021323,521.405454389618,78.47454561038208
276,276,218.0,300.4,112.6027875103544,521.1014635202946,79.69853647970535
277,277,300.0,301.54,112.29792917930041,521.6439411914288,81.43605880857123
278,278,268.0,298.3,110.84356507424025,515.5533875455109,81.04661245448912
279,279,366.0,295.62,107.43481934718955,506.1922459204915,85.04775407950851
280,280,224.0,296.34,106.81771809002086,505.70272745644087,86.97727254355908
281,281,330.0,298.04,106.66023875189961,507.09406795372325,88.98593204627679
282,282,336.0,298.1,106.68114803909246,507.1950501566213,89.0049498433788
283,283,441.0,303.34,107.1452590206969,513.3447076805659,93.33529231943405
284,284,484.0,307.04,110.14460995455384,522.9234355109255,91.1565644890745
285,285,393.0,309.56,110.6500569454928,526.4341116131659,92.68588838683411
286,286,500.0,310.62,112.23606499567894,530.6026873915307,90.63731260846927
287,287,500.0,310.62,112.23606499567894,530.6026873915307,90.63731260846927
288,288,500.0,315.4,115.1316903482658,541.0581130826009,89.741886917399
289,289,500.0,320.18,117.75843312233971,550.9865289197858,89.37347108021419
290,290,433.0,321.32,118.58286347615352,553.7424124132609,88.89758758673909
291,291,387.0,322.36,118.9327987236695,555.4682854983922,89.25171450160778
292,292,440.0,321.96,118.49325478090056,554.2067793705651,89.71322062943489
293,293,500.0,321.96,118.49325478090056,554.2067793705651,89.71322062943489
294,294,494.0,329.18,117.7404079892259,559.9511996588827,98.40880034111726
295,295,367.0,326.52,115.27911823934463,552.4670717491155,100.57292825088453
296,296,262.0,321.76,112.85796744725874,542.9616161966271,100.55838380337286
297,297,376.0,325.48,111.48336381794033,543.987393083163,106.97260691683698
298,298,381.0,328.6,110.79471732783601,545.7576459625586,111.44235403744145
299,299,294.0,329.3,110.4560583052216,545.7938742782344,112.80612572176568
300,300,500.0,334.62,112.164945959247,554.4632940801241,114.77670591987587
301,301,328.0,337.62,109.87300461376819,552.9710890429857,122.26891095701436
302,302,346.0,339.92,108.79391489585863,553.156073195883,126.6839268041171
303,303,187.0,341.12,106.70838384903716,550.2684323441129,131.97156765588718
304,304,500.0,346.08,108.23422070035073,558.2190725726874,133.94092742731254
305,305,204.0,344.62,109.66793849933472,559.569159458696,129.67084054130396
306,306,500.0,347.96,111.82857872837401,567.144014307613,128.7759856923869
307,307,500.0,354.64,110.70751315691152,571.6267257875465,137.65327421245343
308,308,302.0,355.7,109.92636682092682,571.1556789690165,140.24432103098343
309,309,474.0,359.24,110.84362215043566,576.4934994148539,141.9865005851461
310,310,500.0,363.64,111.99448966036542,583.1491997343162,144.13080026568377
311,311,385.0,367.58,109.11762797409892,581.4505508292339,153.7094491707661
312,312,497.0,371.36,110.27900793821422,587.5068555588998,155.21314444110016
313,313,293.0,367.54,109.60359185236018,582.3630400306259,152.71695996937407
314,314,222.0,367.56,109.57639400185133,582.3297322436285,152.7902677563714
315,315,210.0,368.92,107.11406089219241,578.8635593486972,158.97644065130288
316,316,371.0,372.84,103.3943037155157,575.4928352824107,170.1871647175892
317,317,218.0,372.26,104.19287648493086,576.4780379104645,168.0419620895355
318,318,194.0,368.4,107.16818748193535,578.4496474645932,158.3503525354067
319,319,216.0,362.72,107.57627384269048,573.5694967316733,151.87050326832667
320,320,500.0,366.54,109.0113661926299,580.2022777375546,152.87772226244545
321,321,177.0,363.22,112.22340874072458,583.1778811318202,143.26211886817987
322,322,500.0,369.3,111.20935395983219,587.2703337612711,151.32966623872892
323,323,500.0,373.22,112.30957398264515,593.3467650059845,153.09323499401555
324,324,437.0,376.08,112.0715587725729,595.7402551942429,156.41974480575712
325,325,153.0,370.16,115.89375148235145,597.3117529054089,143.00824709459118
326,326,395.0,373.7,113.83612460597075,596.8188042277027,150.58119577229732
327,327,500.0,377.7,114.70410024164293,602.5200364736202,152.87996352637984
328,328,443.0,381.2,113.95595282245435,604.5536675320105,157.84633246798947
329,329,292.0,379.72,114.63589921030443,604.4063624521967,155.03363754780335
330,330,452.0,384.28,112.83580991866,605.4381874405735,163.12181255942636
331,331,391.0,385.5,112.56639763957534,606.1301393735677,164.86986062643234
332,332,407.0,386.92,112.37688773924624,607.1786999689226,166.6613000310774
333,333,499.0,388.08,113.24253185269275,610.0353624312778,166.1246375687222
334,334,378.0,385.96,112.39924467754045,606.2625195679793,165.6574804320207
335,335,382.0,385.74,112.39594916079082,606.03606035515,165.44393964485002
336,336,308.0,381.9,111.6902147980414,600.8128210041612,162.98717899583883
337,337,250.0,376.9,111.8910275259652,596.2064139508918,157.59358604910818
338,338,491.0,376.72,111.69602335201124,595.6442057699421,157.795794230058
339,339,471.0,376.14,111.1165980731363,593.9285322233471,158.35146777665284
340,340,500.0,377.48,112.2148522309969,597.4211103727539,157.5388896272461
341,341,500.0,379.74,113.54057262781899,602.2795223505252,157.2004776494748
342,342,500.0,380.94,114.50343725346029,605.3667370167822,156.51326298321783
343,343,278.0,376.5,114.09595853973977,600.12807873789,152.87192126211005
344,344,500.0,376.62,114.22514287715336,600.5012800392205,152.73871996077943
345,345,255.0,374.38,115.5086161641773,600.7768876817875,147.9831123182125
346,346,500.0,379.14,115.6867709791911,605.8860711192145,152.39392888078544
347,347,500.0,381.62,116.94039821504735,610.8231805014927,152.4168194985072
348,348,500.0,384.0,118.13240582550758,615.5395154179948,152.46048458200517
349,349,97.0,380.06,124.31861797619122,623.7244912333348,136.39550876666522
350,350,500.0,380.06,124.31861797619122,623.7244912333348,136.39550876666522
351,351,500.0,383.5,125.22506269325875,628.9411228787872,138.05887712121284
352,352,500.0,386.58,126.17417343028761,633.8813799233637,139.2786200766363
353,353,500.0,392.84,123.81262340442383,635.5127418726706,150.16725812732926
354,354,500.0,392.84,123.81262340442383,635.5127418726706,150.16725812732926
355,355,310.0,394.96,121.39713206443287,632.8983788462883,157.02162115371158
356,356,500.0,394.96,121.39713206443287,632.8983788462883,157.02162115371158
357,357,500.0,394.96,121.39713206443287,632.8983788462883,157.02162115371158
358,358,500.0,398.92,121.53219779976325,637.123107687536,160.71689231246404
359,359,500.0,399.44,121.915018913728,638.3934370709069,160.4865629290931
360,360,500.0,399.44,121.915018913728,638.3934370709069,160.4865629290931
361,361,500.0,401.74,122.71916005619465,642.2695537101415,161.21044628985848
362,362,500.0,401.8,122.76740909009133,642.424121816579,161.175878183421
363,363,500.0,405.94,122.51354110914434,646.0665405739229,165.8134594260771
364,364,481.0,411.12,120.02782670561619,646.3745403430078,175.86545965699227
365,365,500.0,416.92,117.08148915196107,646.3997187378437,187.44028126215633
366,366,500.0,419.5,117.46962264729514,649.7404603886985,189.25953961130153
367,367,500.0,425.14,114.325352054778,649.2176900273648,201.06230997263512
368,368,500.0,431.26,109.80034013552736,646.4686666656337,216.05133333436635
369,369,204.0,431.02,110.29246648463918,647.1932343098928,214.8467656901072
370,370,500.0,431.02,110.29246648463918,647.1932343098928,214.8467656901072
371,371,419.0,435.86,104.05100986084264,639.7999793272515,231.92002067274845
372,372,500.0,435.86,104.05100986084264,639.7999793272515,231.92002067274845
373,373,500.0,435.86,104.05100986084264,639.7999793272515,231.92002067274845
374,374,500.0,437.12,104.4457949447109,641.8337580916334,232.40624190836664
375,375,500.0,444.06,96.40040011772297,633.004784230737,255.115215769263
376,376,500.0,446.16,96.45351211853271,635.2088837523241,257.1111162476759
377,377,500.0,446.16,96.45351211853271,635.2088837523241,257.1111162476759
378,378,500.0,447.3,96.75178635697246,636.9335012596661,257.66649874033396
379,379,322.0,447.9,95.85794123576366,635.7815648220967,260.0184351779032
380,380,500.0,448.86,96.13978131356625,637.2939713745899,260.42602862541014
381,381,500.0,451.04,96.03676166883528,639.2720528709172,262.8079471290829
382,382,500.0,452.9,96.0669940559124,641.1913083495883,264.60869165041163
383,383,500.0,452.92,96.07689097588333,641.2307063127314,264.6092936872687
384,384,500.0,455.36,95.68373926213171,642.9001289537782,267.81987104622186
385,385,500.0,457.72,95.29182674761718,644.4919804253298,270.94801957467035
386,386,500.0,461.56,92.97578354889268,643.7925357558297,279.32746424417036
387,387,153.0,459.62,98.33758805507549,652.361672587948,266.87832741205204
388,388,418.0,458.16,98.40407325234557,651.0319835745973,265.2880164254027
389,389,500.0,458.74,98.56662721225644,651.9305893360226,265.54941066397737
390,390,500.0,458.74,98.56662721225644,651.9305893360226,265.54941066397737
391,391,500.0,458.74,98.56662721225644,651.9305893360226,265.54941066397737
392,392,500.0,458.74,98.56662721225644,651.9305893360226,265.54941066397737
393,393,500.0,463.18,95.20154560570019,649.7750293871724,276.58497061282765
394,394,500.0,463.18,95.20154560570019,649.7750293871724,276.58497061282765
395,395,500.0,468.08,90.45459792467274,645.3710119323586,290.7889880676414
396,396,500.0,468.08,90.45459792467274,645.3710119323586,290.7889880676414
397,397,500.0,468.08,90.45459792467274,645.3710119323586,290.7889880676414
398,398,500.0,468.08,90.45459792467274,645.3710119323586,290.7889880676414
399,399,500.0,476.14,72.98168906496636,619.1841105673341,333.0958894326659
400,400,500.0,476.14,72.98168906496636,619.1841105673341,333.0958894326659
401,401,500.0,476.14,72.98168906496636,619.1841105673341,333.0958894326659
402,402,500.0,476.14,72.98168906496636,619.1841105673341,333.0958894326659
403,403,500.0,476.14,72.98168906496636,619.1841105673341,333.0958894326659
404,404,500.0,476.14,72.98168906496636,619.1841105673341,333.0958894326659
405,405,283.0,475.6,74.32361670424764,621.2742887403253,329.92571125967464
406,406,500.0,475.6,74.32361670424764,621.2742887403253,329.92571125967464
407,407,500.0,475.6,74.32361670424764,621.2742887403253,329.92571125967464
408,408,500.0,475.6,74.32361670424764,621.2742887403253,329.92571125967464
409,409,500.0,475.6,74.32361670424764,621.2742887403253,329.92571125967464
410,410,390.0,473.4,75.20936763190977,620.8103605585432,325.9896394414568
411,411,500.0,473.4,75.20936763190977,620.8103605585432,325.9896394414568
412,412,500.0,473.4,75.20936763190977,620.8103605585432,325.9896394414568
413,413,500.0,473.4,75.20936763190977,620.8103605585432,325.9896394414568
414,414,500.0,473.78,75.29649963406519,621.3611392827677,326.1988607172322
415,415,500.0,473.78,75.29649963406519,621.3611392827677,326.1988607172322
416,416,329.0,470.36,77.91904747353882,623.0813330481361,317.6386669518639
417,417,500.0,470.36,77.91904747353882,623.0813330481361,317.6386669518639
418,418,500.0,470.36,77.91904747353882,623.0813330481361,317.6386669518639
419,419,500.0,476.28,67.86482362545567,609.295054305893,343.26494569410687
420,420,500.0,476.28,67.86482362545567,609.295054305893,343.26494569410687
421,421,500.0,477.9,67.43500271992768,610.0726053310582,345.7273946689417
422,422,500.0,477.9,67.43500271992768,610.0726053310582,345.7273946689417
423,423,500.0,477.9,67.43500271992768,610.0726053310582,345.7273946689417
424,424,500.0,477.9,67.43500271992768,610.0726053310582,345.7273946689417
425,425,500.0,477.9,67.43500271992768,610.0726053310582,345.7273946689417
426,426,500.0,477.9,67.43500271992768,610.0726053310582,345.7273946689417
427,427,329.0,474.48,70.55530180110365,612.7683915301632,336.19160846983686
428,428,500.0,474.48,70.55530180110365,612.7683915301632,336.19160846983686
429,429,500.0,478.04,67.11122659208218,609.5780041204811,346.501995879519
430,430,500.0,478.04,67.11122659208218,609.5780041204811,346.501995879519
431,431,500.0,478.04,67.11122659208218,609.5780041204811,346.501995879519
432,432,500.0,478.04,67.11122659208218,609.5780041204811,346.501995879519
433,433,500.0,478.04,67.11122659208218,609.5780041204811,346.501995879519
434,434,500.0,478.04,67.11122659208218,609.5780041204811,346.501995879519
435,435,344.0,474.92,69.64775513911621,611.4296000726678,338.41039992733226
436,436,500.0,474.92,69.64775513911621,611.4296000726678,338.41039992733226
437,437,500.0,481.86,51.95720766718844,583.6961270276894,380.02387297231064
438,438,132.0,476.14,71.28070695267682,615.8501856272466,336.4298143727534
439,439,500.0,476.14,71.28070695267682,615.8501856272466,336.4298143727534
440,440,500.0,476.14,71.28070695267682,615.8501856272466,336.4298143727534
441,441,500.0,476.14,71.28070695267682,615.8501856272466,336.4298143727534
442,442,500.0,476.14,71.28070695267682,615.8501856272466,336.4298143727534
443,443,500.0,476.14,71.28070695267682,615.8501856272466,336.4298143727534
444,444,500.0,476.14,71.28070695267682,615.8501856272466,336.4298143727534
445,445,500.0,476.14,71.28070695267682,615.8501856272466,336.4298143727534
446,446,500.0,476.14,71.28070695267682,615.8501856272466,336.4298143727534
447,447,500.0,476.14,71.28070695267682,615.8501856272466,336.4298143727534
448,448,500.0,476.14,71.28070695267682,615.8501856272466,336.4298143727534
449,449,500.0,476.14,71.28070695267682,615.8501856272466,336.4298143727534
450,450,500.0,476.14,71.28070695267682,615.8501856272466,336.4298143727534
451,451,453.0,475.2,71.2695372426076,614.8882929955109,335.5117070044891
452,452,500.0,475.2,71.2695372426076,614.8882929955109,335.5117070044891
453,453,500.0,475.2,71.2695372426076,614.8882929955109,335.5117070044891
454,454,500.0,475.2,71.2695372426076,614.8882929955109,335.5117070044891
455,455,500.0,479.54,65.71745644524422,608.3462146326788,350.73378536732133
456,456,500.0,479.54,65.71745644524422,608.3462146326788,350.73378536732133
457,457,500.0,479.54,65.71745644524422,608.3462146326788,350.73378536732133
458,458,500.0,479.54,65.71745644524422,608.3462146326788,350.73378536732133
459,459,500.0,479.54,65.71745644524422,608.3462146326788,350.73378536732133
460,460,500.0,481.74,64.48850870583037,608.1374770634275,355.3425229365725
461,461,500.0,481.74,64.48850870583037,608.1374770634275,355.3425229365725
462,462,500.0,481.74,64.48850870583037,608.1374770634275,355.3425229365725
463,463,117.0,474.08,82.50512414513419,635.790043324463,312.36995667553697
464,464,500.0,474.08,82.50512414513419,635.790043324463,312.36995667553697
465,465,500.0,474.08,82.50512414513419,635.790043324463,312.36995667553697
466,466,500.0,477.5,79.87062242483486,634.0464199526764,320.95358004732367
467,467,500.0,477.5,79.87062242483486,634.0464199526764,320.95358004732367
468,468,396.0,475.42,80.62335965741507,633.4417849285335,317.3982150714665
469,469,500.0,475.42,80.62335965741507,633.4417849285335,317.3982150714665
470,470,500.0,475.42,80.62335965741507,633.4417849285335,317.3982150714665
471,471,500.0,475.42,80.62335965741507,633.4417849285335,317.3982150714665
472,472,500.0,475.42,80.62335965741507,633.4417849285335,317.3982150714665
473,473,500.0,475.42,80.62335965741507,633.4417849285335,317.3982150714665
474,474,500.0,475.42,80.62335965741507,633.4417849285335,317.3982150714665
475,475,469.0,474.8,80.5496424446385,632.6772991914914,316.9227008085086
476,476,313.0,471.06,83.63780270198549,634.9900932958916,307.1299067041084
477,477,476.0,474.0,81.0870029093211,632.9305257022694,315.0694742977306
478,478,500.0,474.0,81.0870029093211,632.9305257022694,315.0694742977306
479,479,500.0,474.0,81.0870029093211,632.9305257022694,315.0694742977306
480,480,500.0,474.0,81.0870029093211,632.9305257022694,315.0694742977306
481,481,335.0,470.7,83.33366666599954,634.0339866653591,307.3660133346409
482,482,347.0,467.64,85.02766896602449,634.294231173408,300.985768826592
483,483,500.0,467.64,85.02766896602449,634.294231173408,300.985768826592
484,484,242.0,462.48,90.66539514914689,640.1841744923279,284.77582550767215
485,485,457.0,464.74,89.04569109193741,639.2695545401973,290.2104454598027
486,486,500.0,464.74,89.04569109193741,639.2695545401973,290.2104454598027
487,487,500.0,464.74,89.04569109193741,639.2695545401973,290.2104454598027
488,488,500.0,472.1,75.09809910907093,619.292274253779,324.907725746221
489,489,500.0,472.1,75.09809910907093,619.292274253779,324.907725746221
490,490,500.0,472.1,75.09809910907093,619.292274253779,324.907725746221
491,491,500.0,472.1,75.09809910907093,619.292274253779,324.907725746221
492,492,500.0,472.1,75.09809910907093,619.292274253779,324.907725746221
493,493,500.0,472.1,75.09809910907093,619.292274253779,324.907725746221
494,494,500.0,472.1,75.09809910907093,619.292274253779,324.907725746221
495,495,500.0,472.1,75.09809910907093,619.292274253779,324.907725746221
496,496,500.0,472.1,75.09809910907093,619.292274253779,324.907725746221
497,497,500.0,472.1,75.09809910907093,619.292274253779,324.907725746221
498,498,500.0,472.1,75.09809910907093,619.292274253779,324.907725746221
499,499,500.0,472.1,75.09809910907093,619.292274253779,324.907725746221
500,500,500.0,472.1,75.09809910907093,619.292274253779,324.907725746221
501,501,500.0,473.04,75.14827791419648,620.3306247118251,325.7493752881749
502,502,500.0,473.04,75.14827791419648,620.3306247118251,325.7493752881749
503,503,500.0,473.04,75.14827791419648,620.3306247118251,325.7493752881749
504,504,500.0,473.04,75.14827791419648,620.3306247118251,325.7493752881749
505,505,500.0,473.04,75.14827791419648,620.3306247118251,325.7493752881749
506,506,500.0,473.04,75.14827791419648,620.3306247118251,325.7493752881749
507,507,500.0,473.04,75.14827791419648,620.3306247118251,325.7493752881749
508,508,500.0,473.04,75.14827791419648,620.3306247118251,325.7493752881749
509,509,500.0,473.04,75.14827791419648,620.3306247118251,325.7493752881749
510,510,500.0,473.04,75.14827791419648,620.3306247118251,325.7493752881749
511,511,454.0,472.12,75.09304160812175,619.3023615519187,324.9376384480814
512,512,500.0,472.12,75.09304160812175,619.3023615519187,324.9376384480814
513,513,500.0,479.78,54.96614542477089,587.5136450325509,372.046354967449
514,514,500.0,479.78,54.96614542477089,587.5136450325509,372.046354967449
515,515,500.0,479.78,54.96614542477089,587.5136450325509,372.046354967449
516,516,500.0,479.78,54.96614542477089,587.5136450325509,372.046354967449
517,517,500.0,479.78,54.96614542477089,587.5136450325509,372.046354967449
518,518,500.0,481.86,53.68388577437976,587.0804161177844,376.6395838822157
519,519,500.0,481.86,53.68388577437976,587.0804161177844,376.6395838822157
520,520,500.0,481.86,53.68388577437976,587.0804161177844,376.6395838822157
521,521,500.0,481.86,53.68388577437976,587.0804161177844,376.6395838822157
522,522,500.0,481.86,53.68388577437976,587.0804161177844,376.6395838822157
523,523,500.0,481.86,53.68388577437976,587.0804161177844,376.6395838822157
524,524,500.0,481.86,53.68388577437976,587.0804161177844,376.6395838822157
525,525,500.0,482.48,53.71133730509751,587.7542211179912,377.2057788820089
526,526,500.0,486.22,47.861317515146105,580.0281823296864,392.41181767031367
527,527,500.0,486.7,47.8770747405708,580.5390664915187,392.86093350848125
528,528,500.0,486.7,47.8770747405708,580.5390664915187,392.86093350848125
529,529,500.0,486.7,47.8770747405708,580.5390664915187,392.86093350848125
530,530,500.0,486.7,47.8770747405708,580.5390664915187,392.86093350848125
531,531,500.0,490.0,42.603535352007015,573.5029292899337,406.4970707100663
532,532,500.0,493.06,37.285665024596845,566.1399034482098,419.9800965517902
533,533,500.0,493.06,37.285665024596845,566.1399034482098,419.9800965517902
534,534,500.0,498.22,8.813926827604151,515.4952965821042,480.9447034178959
535,535,500.0,499.08,6.5053823869093765,511.8305494783424,486.3294505216576
536,536,500.0,499.08,6.5053823869093765,511.8305494783424,486.3294505216576
537,537,500.0,499.08,6.5053823869093765,511.8305494783424,486.3294505216576
538,538,500.0,499.08,6.5053823869093765,511.8305494783424,486.3294505216576
539,539,500.0,499.08,6.5053823869093765,511.8305494783424,486.3294505216576
540,540,500.0,499.08,6.5053823869093765,511.8305494783424,486.3294505216576
541,541,500.0,499.08,6.5053823869093765,511.8305494783424,486.3294505216576
542,542,500.0,499.08,6.5053823869093765,511.8305494783424,486.3294505216576
543,543,500.0,499.08,6.5053823869093765,511.8305494783424,486.3294505216576
544,544,500.0,499.08,6.5053823869093765,511.8305494783424,486.3294505216576
545,545,500.0,499.08,6.5053823869093765,511.8305494783424,486.3294505216576
546,546,231.0,493.7,38.46347326373579,569.0884075969221,418.31159240307784
547,547,500.0,493.7,38.46347326373579,569.0884075969221,418.31159240307784
548,548,500.0,493.7,38.46347326373579,569.0884075969221,418.31159240307784
549,549,500.0,493.7,38.46347326373579,569.0884075969221,418.31159240307784
550,550,224.0,488.18,54.147828644726765,594.3097441436645,382.0502558563355
551,551,192.0,482.02,68.4154446102955,616.1142714361791,347.9257285638208
552,552,171.0,475.44,81.26528992711894,634.7199682571531,316.16003174284685
553,553,220.0,469.84,88.83333626884104,643.9533390869284,295.72666091307156
554,554,500.0,469.84,88.83333626884104,643.9533390869284,295.72666091307156
555,555,174.0,463.32,98.0590076412757,655.5156549769004,271.12434502309964
556,556,500.0,463.32,98.0590076412757,655.5156549769004,271.12434502309964
557,557,500.0,463.32,98.0590076412757,655.5156549769004,271.12434502309964
558,558,397.0,461.26,98.35417258716609,654.0341782708456,268.48582172915445
559,559,185.0,454.96,105.64070025809343,662.0157725058631,247.90422749413685
560,560,500.0,454.96,105.64070025809343,662.0157725058631,247.90422749413685
561,561,500.0,455.88,105.83229706493547,663.3113022472735,248.44869775272647
562,562,470.0,455.28,105.66196388599273,662.3774492165458,248.18255078345422
563,563,432.0,453.92,105.51213103675947,660.7237768320485,247.11622316795146
564,564,424.0,452.4,105.38210358074076,658.9489230182519,245.8510769817481
565,565,500.0,452.4,105.38210358074076,658.9489230182519,245.8510769817481
566,566,215.0,446.7,110.34569982281907,662.9775716527254,230.4224283472746
567,567,427.0,445.24,110.10876997083263,661.0531891428319,229.42681085716808
568,568,419.0,443.62,109.88229138120306,658.989291107158,228.250708892842
569,569,500.0,443.62,109.88229138120306,658.989291107158,228.250708892842
570,570,427.0,442.16,109.60250257831026,656.9809050534882,227.33909494651192
571,571,500.0,442.16,109.60250257831026,656.9809050534882,227.33909494651192
572,572,500.0,442.16,109.60250257831026,656.9809050534882,227.33909494651192
573,573,500.0,442.16,109.60250257831026,656.9809050534882,227.33909494651192
574,574,402.0,440.2,109.42316286522022,654.6693992158316,225.73060078416836
575,575,500.0,440.2,109.42316286522022,654.6693992158316,225.73060078416836
576,576,500.0,440.2,109.42316286522022,654.6693992158316,225.73060078416836
577,577,500.0,440.2,109.42316286522022,654.6693992158316,225.73060078416836
578,578,500.0,440.2,109.42316286522022,654.6693992158316,225.73060078416836
579,579,500.0,440.2,109.42316286522022,654.6693992158316,225.73060078416836
580,580,500.0,440.2,109.42316286522022,654.6693992158316,225.73060078416836
581,581,500.0,440.2,109.42316286522022,654.6693992158316,225.73060078416836
582,582,500.0,440.2,109.42316286522022,654.6693992158316,225.73060078416836
583,583,500.0,440.2,109.42316286522022,654.6693992158316,225.73060078416836
584,584,500.0,440.2,109.42316286522022,654.6693992158316,225.73060078416836
585,585,500.0,440.2,109.42316286522022,654.6693992158316,225.73060078416836
586,586,500.0,440.2,109.42316286522022,654.6693992158316,225.73060078416836
587,587,500.0,440.2,109.42316286522022,654.6693992158316,225.73060078416836
588,588,500.0,440.2,109.42316286522022,654.6693992158316,225.73060078416836
589,589,500.0,440.2,109.42316286522022,654.6693992158316,225.73060078416836
590,590,500.0,440.2,109.42316286522022,654.6693992158316,225.73060078416836
591,591,500.0,440.2,109.42316286522022,654.6693992158316,225.73060078416836
592,592,500.0,440.2,109.42316286522022,654.6693992158316,225.73060078416836
593,593,500.0,440.2,109.42316286522022,654.6693992158316,225.73060078416836
594,594,500.0,440.2,109.42316286522022,654.6693992158316,225.73060078416836
595,595,500.0,440.2,109.42316286522022,654.6693992158316,225.73060078416836
596,596,500.0,445.58,105.4690379172182,652.2993143177476,238.86068568225232
597,597,500.0,445.58,105.4690379172182,652.2993143177476,238.86068568225232
598,598,406.0,443.7,105.3168688156973,650.1210628787667,237.27893712123327
599,599,500.0,443.7,105.3168688156973,650.1210628787667,237.27893712123327
600,600,500.0,449.22,100.69843644288005,646.5889354280449,251.85106457195513
601,601,500.0,455.38,93.82873890710614,639.284328257928,271.475671742072
602,602,500.0,461.96,84.5566975587431,627.6911272151365,296.2288727848635
603,603,405.0,465.66,77.50671070353563,617.5731529789299,313.74684702107015
604,604,500.0,465.66,77.50671070353563,617.5731529789299,313.74684702107015
605,605,401.0,470.2,65.84490124837377,599.2560064468125,341.1439935531874
606,606,437.0,468.94,65.86579118920172,598.0369507308353,339.8430492691647
607,607,346.0,465.86,67.9513661618752,599.0446776772754,332.6753223227246
608,608,500.0,467.92,67.38007941551231,599.9849556544042,335.85504434559584
609,609,493.0,474.08,53.67165481529496,579.2764434379781,368.88355656202185
610,610,500.0,474.08,53.67165481529496,579.2764434379781,368.88355656202185
611,611,500.0,474.08,53.67165481529496,579.2764434379781,368.88355656202185
612,612,304.0,470.76,58.81675451982051,586.0408388588482,355.4791611411518
613,613,334.0,468.8,61.69708755074932,589.7262915994687,347.8737084005313
614,614,500.0,470.32,61.506740961242606,590.8732122840355,349.7667877159645
615,615,484.0,470.0,61.39068599169211,590.3257445437165,349.67425545628345
616,616,500.0,475.7,49.2644881828513,572.2583968383885,379.14160316161144
617,617,500.0,477.16,48.8719108841604,572.9489453329544,381.37105466704566
618,618,390.0,476.58,49.740588280084786,574.0715530289662,379.0884469710338
619,619,469.0,475.96,49.635800115049555,573.2461682254971,378.67383177450284
620,620,401.0,475.44,50.29105491120226,574.0104676259564,376.86953237404356
621,621,436.0,474.16,50.467350528709986,573.0760070362716,375.2439929637285
622,622,322.0,470.6,54.70738486880545,577.8264743428587,363.37352565714133
623,623,500.0,470.6,54.70738486880545,577.8264743428587,363.37352565714133
624,624,278.0,468.12,60.395512740464454,586.4952049713104,349.7447950286897
625,625,488.0,467.88,60.289993077674616,586.0483864322423,349.71161356775775
626,626,411.0,466.1,60.635158521929526,584.9449107029819,347.2550892970182
627,627,500.0,466.1,60.635158521929526,584.9449107029819,347.2550892970182
628,628,500.0,466.1,60.635158521929526,584.9449107029819,347.2550892970182
629,629,375.0,463.6,61.775102309150846,584.6792005259357,342.52079947406435
630,630,500.0,463.6,61.775102309150846,584.6792005259357,342.52079947406435
631,631,500.0,463.6,61.775102309150846,584.6792005259357,342.52079947406435
632,632,500.0,463.6,61.775102309150846,584.6792005259357,342.52079947406435
633,633,476.0,463.12,61.57942937742206,583.8156815797472,342.4243184202528
634,634,500.0,463.12,61.57942937742206,583.8156815797472,342.4243184202528
635,635,500.0,463.12,61.57942937742206,583.8156815797472,342.4243184202528
636,636,500.0,463.12,61.57942937742206,583.8156815797472,342.4243184202528
637,637,415.0,461.42,61.7136540972964,582.378762030701,340.4612379692991
638,638,500.0,461.42,61.7136540972964,582.378762030701,340.4612379692991
639,639,500.0,461.42,61.7136540972964,582.378762030701,340.4612379692991
640,640,500.0,461.42,61.7136540972964,582.378762030701,340.4612379692991
641,641,287.0,457.16,66.18568807621767,586.8839486293866,327.4360513706134
642,642,500.0,457.16,66.18568807621767,586.8839486293866,327.4360513706134
643,643,500.0,457.16,66.18568807621767,586.8839486293866,327.4360513706134
644,644,500.0,457.16,66.18568807621767,586.8839486293866,327.4360513706134
645,645,500.0,457.16,66.18568807621767,586.8839486293866,327.4360513706134
646,646,500.0,457.16,66.18568807621767,586.8839486293866,327.4360513706134
647,647,500.0,457.16,66.18568807621767,586.8839486293866,327.4360513706134
648,648,500.0,459.04,66.03770104405216,588.4738940463423,329.6061059536578
649,649,500.0,459.04,66.03770104405216,588.4738940463423,329.6061059536578
650,650,500.0,459.04,66.03770104405216,588.4738940463423,329.6061059536578
651,651,500.0,459.04,66.03770104405216,588.4738940463423,329.6061059536578
652,652,500.0,459.04,66.03770104405216,588.4738940463423,329.6061059536578
653,653,500.0,460.94,65.81743767453082,589.9421778420804,331.9378221579196
654,654,500.0,460.94,65.81743767453082,589.9421778420804,331.9378221579196
655,655,500.0,462.92,65.46562893174175,591.2326327062138,334.6073672937862
656,656,413.0,462.44,65.74693598820151,591.3039945368749,333.57600546312506
657,657,436.0,464.24,63.693962165392584,589.0801658441694,339.39983415583055
658,658,283.0,459.9,68.42491788635947,594.0128390572645,325.78716094273545
659,659,500.0,460.04,68.50114254968437,594.3022393973814,325.7777606026186
660,660,500.0,460.04,68.50114254968437,594.3022393973814,325.7777606026186
661,661,500.0,460.04,68.50114254968437,594.3022393973814,325.7777606026186
662,662,500.0,463.96,64.90305486348218,591.169987532425,336.7500124675749
663,663,500.0,467.28,62.31357175198456,589.4146006338897,345.14539936611027
664,664,500.0,467.28,62.31357175198456,589.4146006338897,345.14539936611027
665,665,500.0,467.6,62.442136479809825,589.9865875004273,345.21341249957277
666,666,500.0,467.6,62.442136479809825,589.9865875004273,345.21341249957277
667,667,500.0,467.6,62.442136479809825,589.9865875004273,345.21341249957277
668,668,500.0,469.8,61.584188270187425,590.5050090095674,349.0949909904327
669,669,500.0,470.42,61.73183943476763,591.4144052921446,349.42559470785545
670,670,500.0,472.4,61.043644473541846,592.045543168142,352.75445683185796
671,671,500.0,473.68,60.93571051794228,593.1139926151669,354.24600738483315
672,672,500.0,477.24,56.96348991830996,588.8884402398876,365.5915597601125
673,673,500.0,477.24,56.96348991830996,588.8884402398876,365.5915597601125
674,674,500.0,481.68,49.245921824314166,578.2020067756557,385.15799322434424
675,675,500.0,481.92,49.30655460007872,578.5608470161543,385.27915298384573
676,676,500.0,483.7,48.29004629764298,578.3484907433802,389.05150925661974
677,677,500.0,483.7,48.29004629764298,578.3484907433802,389.05150925661974
678,678,500.0,483.7,48.29004629764298,578.3484907433802,389.05150925661974
679,679,500.0,486.2,45.71473214067659,575.8008749957261,396.5991250042739
680,680,413.0,484.46,46.8210706099418,576.2292983954859,392.69070160451406
681,681,257.0,479.6,56.73677136117042,590.804071867894,368.395928132106
682,682,260.0,474.8,64.5850175334485,601.3866343655591,348.21336563444095
683,683,235.0,469.98,72.94546187504194,612.9531052750822,327.0068947249178
684,684,245.0,464.88,79.42976360872986,620.5623366731105,309.1976633268895
685,685,248.0,459.84,84.95841960173472,626.3585024194,293.32149758059995
686,686,212.0,454.08,91.67730451570465,633.767516850781,274.3924831492189
687,687,153.0,448.84,100.9728918965834,646.7468681173034,250.9331318826965
688,688,135.0,441.54,109.9902055008644,657.1208027816942,225.9591972183058
689,689,238.0,436.3,113.33826019703024,658.4429899861793,214.15701001382075
690,690,175.0,429.8,118.79840581628076,662.6448753999102,196.95512460008973
691,691,182.0,427.7,122.25203975594734,667.3139979216568,188.0860020783432
692,692,166.0,421.02,127.24401914496099,670.4182775241235,171.62172247587645
693,693,170.0,414.42,131.54933737296147,672.2567012510045,156.5832987489955
694,694,154.0,407.5,135.98142880405314,674.0236004559441,140.97639954405588
695,695,150.0,400.5,140.06969839391817,675.0366088520796,125.96339114792039
696,696,160.0,393.7,143.355167613981,674.6761285234027,112.72387147659725
697,697,144.0,386.58,146.7679120243929,674.24510756781,98.9148924321899
698,698,155.0,379.68,149.41278802194185,672.529064523006,86.830935476994
699,699,172.0,373.12,151.2119258875178,669.4953747395349,76.74462526046511
700,700,166.0,366.44,152.86090249047993,666.0473688813406,66.83263111865932
701,701,163.0,359.7,154.27476813021818,662.0785455352276,57.32145446477239
702,702,158.0,352.86,155.50405336274943,657.6479445909889,48.072055409011114
703,703,138.0,345.62,156.93413280996666,653.2109003075346,38.029099692465365
704,704,120.0,338.02,158.49875941058278,648.6775684447423,27.36243155525773
705,705,130.0,330.62,159.41652412239213,643.0763872798886,18.163612720111416
706,706,134.0,325.04,161.34535908404405,641.2769038047263,8.803096195273667
707,707,129.0,318.9,162.87083275794114,638.1268322055646,-0.3268322055646422
708,708,145.0,316.14,164.65114760657818,638.8562493088932,-6.576249308893239
709,709,121.0,308.56,164.73803075037085,631.4465402707269,-14.326540270726866
710,710,122.0,301.0,164.44650516573594,623.3151501248424,-21.315150124842432
711,711,114.0,293.28,163.97349711188687,614.6680543392982,-28.108054339298292
712,712,133.0,285.94,162.74061119036077,604.911597933107,-33.03159793310709
713,713,128.0,278.5,161.25126166252167,594.5524728585424,-37.552472858542444
714,714,135.0,271.2,159.2688652203291,583.366975831845,-40.96697583184505
715,715,108.0,263.36,157.41363164787018,571.8907180298256,-45.17071802982554
716,716,128.0,255.92,154.76972229339768,559.2686556950595,-47.42865569505946
717,717,110.0,248.12,152.02076120298378,546.0806919578482,-49.84069195784821
718,718,125.0,240.62,148.5513571606993,531.7806600349707,-50.540660034970585
719,719,119.0,233.0,144.6965861408494,516.6053088360648,-50.60530883606481
720,720,152.0,226.04,139.88099315095633,500.2067465758744,-48.12674657587442
721,721,136.0,218.76,134.70838647892356,482.78843749869014,-45.26843749869016
722,722,124.0,211.24,129.0646982196547,464.2068085105232,-41.7268085105232
723,723,127.0,203.78,122.65419949215418,444.18223100462217,-36.62223100462219
724,724,137.0,196.52,115.28460611965151,422.477827994517,-29.437827994516965
725,725,111.0,188.74,107.23078487304717,398.9123383511725,-21.432338351172433
726,726,122.0,181.18,97.74366517392612,372.7575837408952,-10.397583740895186
727,727,132.0,173.82,86.44939300550544,343.2608102907907,4.379189709209328
728,728,118.0,166.18,72.84388955085996,308.9540235196855,23.405976480314507
729,729,127.0,158.72,54.83222648428945,266.1911639092073,51.24883609079268
730,730,119.0,152.84,41.035753450185524,233.27007676236363,72.40992323763638
731,731,118.0,150.06,38.46302756928843,225.44753403580532,74.67246596419469
732,732,158.0,148.02,35.06814939572289,216.75357281561688,79.28642718438314
733,733,118.0,145.68,32.987591977737914,210.3356802763663,81.0243197236337
734,734,147.0,143.72,29.714999991413745,201.96139998317094,85.47860001682906
735,735,157.0,141.9,25.715277758639985,192.30194440693438,91.49805559306563
736,736,151.0,140.68,23.688833156710217,187.11011298715204,94.24988701284798
737,737,122.0,140.06,23.76535808478134,186.64010184617143,93.47989815382857
738,738,131.0,139.98,23.789459164656545,186.60733996272683,93.35266003727315
739,739,126.0,137.74,19.20226389714069,175.37643723839577,100.10356276160425
740,740,113.0,136.5,18.743434224563405,173.23713108014428,99.76286891985572
741,741,162.0,136.1,17.949191329630356,171.2804150060755,100.9195849939245
742,742,123.0,135.24,17.512164868092963,169.5638431414622,100.9161568585378
743,743,154.0,134.92,17.00280889159212,168.24550542752053,101.59449457247943
744,744,122.0,134.28,16.87171283176292,167.34855715025532,101.21144284974469
745,745,146.0,134.2,16.805004113811716,167.13780806307096,101.26219193692903
746,746,135.0,133.7,16.38846035028867,165.82138228656578,101.5786177134342
747,747,155.0,133.92,16.6019915205647,166.4599033803068,101.38009661969318
748,748,116.0,133.14,16.507277306738242,165.49426352120693,100.78573647879304
749,749,126.0,132.22,15.551481325857488,162.70090339868068,101.73909660131932
750,750,147.0,131.84,14.92889268280192,161.10062965829178,102.57937034170824
751,751,147.0,131.52,14.409803918843403,159.7632156809331,103.27678431906693
752,752,161.0,131.58,14.528072754467694,160.0550225987567,103.10497740124333
753,753,172.0,132.26,15.591481190515815,162.81930313341098,101.700696866589
754,754,159.0,133.04,15.937326229542439,164.27715940990316,101.80284059009682
755,755,165.0,133.74,16.557642048432022,166.19297841492676,101.28702158507325
756,756,171.0,134.48,17.376080204270135,168.53711720036944,100.42288279963053
757,757,178.0,135.46,18.411631195123054,171.5467971424412,99.37320285755882
758,758,206.0,136.68,20.908391050639278,177.660446459253,95.69955354074702
759,759,164.0,137.54,21.133405223163933,178.9614742374013,96.1185257625987
760,760,187.0,138.84,22.13350954769444,182.2216787134811,95.4583212865189
761,761,215.0,140.86,24.320991185492822,188.52914272356594,93.19085727643409
762,762,206.0,142.32,25.97443012672433,193.2298830483797,91.41011695162031
763,763,206.0,143.88,27.400014896464047,197.58402919706953,90.17597080293046
764,764,296.0,147.1,34.79693277592388,215.3019882408108,78.89801175918919
765,765,237.0,149.68,36.575580121501964,221.36813703814386,77.99186296185616
766,766,250.0,152.12,39.08318705279805,228.72304662348418,75.51695337651583
767,767,301.0,155.94,43.91755262501939,242.018403145038,69.861596854962
768,768,290.0,159.24,47.59075540480438,252.51788059341658,65.96211940658343
769,769,236.0,161.58,48.440617970745095,256.5236112226604,66.63638877733963
770,770,296.0,164.46,52.008715910048785,266.3970831836956,62.52291681630439
771,771,270.0,167.14,53.929284763493364,272.84139813644697,61.43860186355299
772,772,339.0,171.44,58.77322727992632,286.6355254686556,56.24447453134442
773,773,417.0,177.24,67.89895253317208,310.3219469650173,44.15805303498274
774,774,429.0,183.08,76.39340713085873,332.81107797648315,33.348922023516906
775,775,386.0,188.58,80.86650374890299,347.0783473478499,30.081652652150154
776,776,343.0,193.0,83.16028290633176,355.99415449641026,30.005845503589768
777,777,448.0,199.32,90.14420193699122,376.0026357965028,22.637364203497185
778,778,309.0,203.14,90.6732213016853,380.8595137513032,25.42048624869679
779,779,456.0,209.72,96.76777166315739,399.38483245978847,20.055167540211528
780,780,479.0,216.92,103.06780807422071,418.9329038254726,14.907096174527396
781,781,441.0,223.38,106.7961800891425,432.7005129747193,14.059487025280703
782,782,451.0,229.24,111.08786006157975,446.9722057206963,11.50779427930371
783,783,451.0,235.9,114.22056178593141,459.7723011004256,12.02769889957446
784,784,500.0,242.96,119.40532241239525,476.9944319282947,8.925568071705328
785,785,500.0,249.82,124.1256259617975,493.1062268851231,6.533773114876908
786,786,500.0,256.8,128.20105383374008,508.07406551413055,5.52593448586947
787,787,362.0,261.6,127.54222990117098,511.5827706062952,11.61722939370489
788,788,500.0,268.98,130.47315620385598,524.7073861595577,13.252613840442308
789,789,353.0,273.52,129.34091008033016,527.0281837574471,20.011816242552868
790,790,479.0,280.84,130.42322943214558,536.4695296870053,25.21047031299466
791,791,485.0,287.3,132.40109901510652,546.8061540696087,27.793845930391228
792,792,270.0,290.24,130.29363384451307,545.6155223352456,34.86447766475439
793,793,249.0,292.14,128.95213635061512,544.8861872472056,39.39381275279436
794,794,271.0,295.12,126.64100635179662,543.3363724495214,46.90362755047863
795,795,279.0,297.78,124.82874636223508,542.4443428699807,53.11565713001923
796,796,248.0,300.04,122.82839530775213,540.7836548031942,59.296345196805845
797,797,363.0,304.2,121.32903483452517,542.0049082756693,66.39509172433065
798,798,345.0,308.78,118.36579242469676,540.7769531524057,76.7830468475943
799,799,313.0,312.52,115.3895337099331,538.6834860714689,86.35651392853111
800,800,289.0,315.36,112.95434512063943,536.7505164364533,93.96948356354673
801,801,320.0,318.82,110.31063560024701,535.0288457764841,102.61115422351585
802,802,300.0,321.6,107.97902290609491,533.2388848959461,109.96111510405399
803,803,325.0,324.66,105.79892557611863,532.0258941291926,117.2941058708075
804,804,414.0,329.76,103.77714741950886,533.1632089422374,126.35679105776262
805,805,287.0,332.2,101.22716421746719,530.6052418662357,133.7947581337643
806,806,410.0,336.98,99.07994916495707,531.1767003633158,142.78329963668415
807,807,252.0,338.46,97.19141853442905,528.9551803274809,147.96481967251904
808,808,407.0,342.48,95.7469539132882,530.1440296700449,154.81597032995515
809,809,392.0,347.04,92.44567295974137,528.2335190010931,165.84648099890694
810,810,336.0,350.02,89.53724341961582,525.512997102447,174.527002897553
811,811,253.0,350.78,88.52332564738705,524.2857182688786,177.27428173112136
812,812,420.0,355.06,86.531440552446,524.6616234827942,185.45837651720583
813,813,350.0,357.94,83.82304247031036,522.2331632418083,193.6468367581917
814,814,500.0,362.02,85.6905895816863,529.9735555801051,194.06644441989485
815,815,423.0,365.74,84.17639642016981,530.7257369835329,200.75426301646718
816,816,344.0,367.62,82.5731314703287,529.4633376818442,205.77666231815576
817,817,396.0,369.52,82.10054562447557,530.4370694239722,208.60293057602786
818,818,500.0,373.72,83.31206150274159,537.0116405453736,210.42835945462653
819,819,500.0,379.0,82.76965824824018,541.2285301665507,216.77146983344926
820,820,500.0,383.08,83.61838485473243,546.9720343152756,219.18796568472445
821,821,500.0,387.68,83.59705101721812,551.5302199937476,223.8297800062525
822,822,500.0,390.9,84.77611571615101,557.0611868036559,224.738813196344
823,823,409.0,390.74,84.73338979964531,556.8174440073049,224.66255599269522
824,824,500.0,392.16,85.97350327459026,560.668066418197,223.65193358180312
825,825,500.0,394.44,87.3080775653841,565.5638320281528,223.31616797184716
826,826,500.0,397.58,88.23856577367845,570.5275889164097,224.63241108359023
827,827,500.0,398.62,89.14672381723737,573.3475786817853,223.89242131821476
828,828,500.0,402.44,89.32014421878844,577.5074826688253,227.37251733117466
829,829,500.0,403.32,90.07217967286162,579.8614721588087,226.77852784119122
830,830,500.0,403.74,90.48030792635953,581.0814035356647,226.39859646433533
831,831,500.0,404.92,91.35663241228927,583.978999528087,225.86100047191306
832,832,500.0,405.9,92.12065070175169,586.4564753754332,225.34352462456667
833,833,500.0,406.88,92.86783235175754,588.9009514094448,224.8590485905552
834,834,500.0,406.88,92.86783235175754,588.9009514094448,224.8590485905552
835,835,500.0,406.88,92.86783235175754,588.9009514094448,224.8590485905552
836,836,500.0,406.88,92.86783235175754,588.9009514094448,224.8590485905552
837,837,500.0,409.64,93.55490802906274,593.007619736963,226.272380263037
838,838,500.0,409.64,93.55490802906274,593.007619736963,226.272380263037
839,839,500.0,412.58,94.0471201915635,596.9123555754644,228.24764442453554
840,840,500.0,413.0,94.39603934963489,598.0162371252844,227.9837628747156
841,841,500.0,413.3,94.65301832245434,598.8199159120105,227.7800840879895
842,842,500.0,417.9,93.12319029881026,600.4214529856681,235.37854701433187
843,843,500.0,422.92,90.56260434706097,600.4227045202394,245.41729547976053
844,844,500.0,427.5,88.4896511878468,600.9397163281798,254.06028367182026
845,845,500.0,431.92,86.41589989754141,601.2951637991812,262.54483620081885
846,846,500.0,436.96,82.74079515978394,599.1319585131765,274.78804148682343
847,847,500.0,439.7,82.50967784917941,601.4189685843917,277.98103141560836
848,848,500.0,442.8,81.78767932760883,603.1038514821133,282.4961485178867
849,849,500.0,446.54,79.98678717418792,603.3141028614084,289.7658971385917
850,850,500.0,450.76,77.01644669305605,601.7122355183899,299.8077644816101
851,851,500.0,454.36,74.95897109044807,601.2795833372783,307.44041666272176
852,852,500.0,458.36,71.8245481314402,599.1361143376228,317.58388566237727
853,853,500.0,461.86,69.41681558321542,597.9169585431023,325.80304145689774
854,854,500.0,463.58,69.27204283379552,599.3532039542392,327.80679604576073
855,855,500.0,467.84,64.58197132643149,594.4206637998057,341.2593362001943
856,856,500.0,469.64,64.1900113025404,595.4524221529791,343.8275778470208
857,857,500.0,474.6,56.10158424770103,584.559105125494,364.640894874506
858,858,500.0,476.46,55.35127526506723,584.9484995195318,367.9715004804682
859,859,500.0,478.62,54.080774810291764,584.6183186281719,372.6216813718281
860,860,500.0,481.9,50.07963046743614,580.0560757161747,383.74392428382515
861,861,500.0,486.84,37.68903916882526,560.7105167708975,412.9694832291025
862,862,500.0,488.44,36.47205248193136,559.9252228645854,416.95477713541453
863,863,500.0,491.44,30.538807696274947,551.2960630846989,431.5839369153011
864,864,500.0,491.44,30.538807696274947,551.2960630846989,431.5839369153011
865,865,500.0,492.98,28.915422055590327,549.6542272289571,436.305772771043
866,866,500.0,496.1,19.34461903771033,534.0154533139123,458.1845466860878
867,867,500.0,498.18,12.86934341758972,523.4039130984759,472.95608690152415
868,868,500.0,498.18,12.86934341758972,523.4039130984759,472.95608690152415
869,869,500.0,498.18,12.86934341758972,523.4039130984759,472.95608690152415
870,870,500.0,498.18,12.86934341758972,523.4039130984759,472.95608690152415
871,871,500.0,498.18,12.86934341758972,523.4039130984759,472.95608690152415
872,872,500.0,498.18,12.86934341758972,523.4039130984759,472.95608690152415
873,873,145.0,492.9,50.204581464243454,591.3009796699172,394.49902033008283
874,874,500.0,492.9,50.204581464243454,591.3009796699172,394.49902033008283
875,875,445.0,491.8,50.64643348242454,591.0670096255521,392.5329903744479
876,876,421.0,490.22,51.608530381741375,591.3727195482131,389.0672804517869
877,877,195.0,484.12,66.34899688582306,614.1640338962131,354.0759661037868
878,878,449.0,483.1,66.49175182851137,613.4238335838822,352.77616641611775
879,879,500.0,483.1,66.49175182851137,613.4238335838822,352.77616641611775
880,880,500.0,483.1,66.49175182851137,613.4238335838822,352.77616641611775
881,881,500.0,483.1,66.49175182851137,613.4238335838822,352.77616641611775
882,882,500.0,483.1,66.49175182851137,613.4238335838822,352.77616641611775
883,883,500.0,483.1,66.49175182851137,613.4238335838822,352.77616641611775
884,884,500.0,483.1,66.49175182851137,613.4238335838822,352.77616641611775
885,885,500.0,483.1,66.49175182851137,613.4238335838822,352.77616641611775
886,886,500.0,483.1,66.49175182851137,613.4238335838822,352.77616641611775
887,887,500.0,483.1,66.49175182851137,613.4238335838822,352.77616641611775
888,888,500.0,483.1,66.49175182851137,613.4238335838822,352.77616641611775
889,889,500.0,483.1,66.49175182851137,613.4238335838822,352.77616641611775
890,890,500.0,483.1,66.49175182851137,613.4238335838822,352.77616641611775
891,891,500.0,483.1,66.49175182851137,613.4238335838822,352.77616641611775
892,892,500.0,483.1,66.49175182851137,613.4238335838822,352.77616641611775
893,893,500.0,483.1,66.49175182851137,613.4238335838822,352.77616641611775
894,894,500.0,483.1,66.49175182851137,613.4238335838822,352.77616641611775
895,895,500.0,483.1,66.49175182851137,613.4238335838822,352.77616641611775
896,896,500.0,483.1,66.49175182851137,613.4238335838822,352.77616641611775
897,897,500.0,483.1,66.49175182851137,613.4238335838822,352.77616641611775
898,898,500.0,483.1,66.49175182851137,613.4238335838822,352.77616641611775
899,899,495.0,483.0,66.4695726000439,613.2803622960861,352.7196377039139
900,900,500.0,483.0,66.4695726000439,613.2803622960861,352.7196377039139
901,901,500.0,483.0,66.4695726000439,613.2803622960861,352.7196377039139
902,902,500.0,483.0,66.4695726000439,613.2803622960861,352.7196377039139
903,903,500.0,483.0,66.4695726000439,613.2803622960861,352.7196377039139
904,904,500.0,483.0,66.4695726000439,613.2803622960861,352.7196377039139
905,905,500.0,483.0,66.4695726000439,613.2803622960861,352.7196377039139
906,906,500.0,483.0,66.4695726000439,613.2803622960861,352.7196377039139
907,907,500.0,483.0,66.4695726000439,613.2803622960861,352.7196377039139
908,908,500.0,483.0,66.4695726000439,613.2803622960861,352.7196377039139
909,909,500.0,483.0,66.4695726000439,613.2803622960861,352.7196377039139
910,910,500.0,483.0,66.4695726000439,613.2803622960861,352.7196377039139
911,911,500.0,483.0,66.4695726000439,613.2803622960861,352.7196377039139
912,912,500.0,483.0,66.4695726000439,613.2803622960861,352.7196377039139
913,913,500.0,483.0,66.4695726000439,613.2803622960861,352.7196377039139
914,914,500.0,483.0,66.4695726000439,613.2803622960861,352.7196377039139
915,915,500.0,483.0,66.4695726000439,613.2803622960861,352.7196377039139
916,916,500.0,483.0,66.4695726000439,613.2803622960861,352.7196377039139
917,917,335.0,479.7,69.62911952419145,616.1730742674152,343.22692573258473
918,918,500.0,479.7,69.62911952419145,616.1730742674152,343.22692573258473
919,919,324.0,476.18,72.95139281936684,619.164729925959,333.195270074041
920,920,279.0,471.76,77.99909994247746,624.6382358872559,318.8817641127442
921,921,239.0,466.54,84.53068758064727,632.2201476580686,300.8598523419314
922,922,220.0,460.94,91.27451529784747,639.838049983781,282.04195001621895
923,923,255.0,463.14,84.58446086845984,628.9255433021813,297.3544566978187
924,924,178.0,456.7,93.50810289018968,639.9758816647718,273.42411833522823
925,925,228.0,452.36,98.94025408068684,646.2828979981462,258.4371020018538
926,926,147.0,446.88,107.89538394922587,658.3549525404827,235.40504745951728
927,927,197.0,446.92,107.8004278511816,658.208838588316,235.6311614116841
928,928,150.0,440.94,115.68737076752107,667.6872467043413,214.1927532956587
929,929,199.0,434.92,120.29128592457396,670.6909204121649,199.14907958783508
930,930,209.0,429.1,124.05894747650991,672.2555370539594,185.9444629460406
931,931,222.0,423.54,127.01104081848858,672.4816400042376,174.5983599957624
932,932,208.0,417.7,130.09921645593732,672.6944642536371,162.70553574636284
933,933,212.0,411.94,132.7299560178095,672.0907137949066,151.78928620509333
934,934,239.0,406.72,134.31884697636843,669.9849400736821,143.45505992631792
935,935,251.0,401.74,135.4014153002323,667.1267739884553,136.35322601154473
936,936,395.0,399.64,134.6585644494686,663.5707863209584,135.7092136790415
937,937,500.0,399.64,134.6585644494686,663.5707863209584,135.7092136790415
938,938,500.0,399.64,134.6585644494686,663.5707863209584,135.7092136790415
939,939,500.0,399.64,134.6585644494686,663.5707863209584,135.7092136790415
940,940,500.0,399.64,134.6585644494686,663.5707863209584,135.7092136790415
941,941,500.0,399.64,134.6585644494686,663.5707863209584,135.7092136790415
942,942,500.0,399.64,134.6585644494686,663.5707863209584,135.7092136790415
943,943,500.0,399.64,134.6585644494686,663.5707863209584,135.7092136790415
944,944,500.0,399.64,134.6585644494686,663.5707863209584,135.7092136790415
945,945,500.0,399.64,134.6585644494686,663.5707863209584,135.7092136790415
946,946,500.0,399.64,134.6585644494686,663.5707863209584,135.7092136790415
947,947,500.0,399.64,134.6585644494686,663.5707863209584,135.7092136790415
948,948,500.0,399.64,134.6585644494686,663.5707863209584,135.7092136790415
949,949,500.0,399.74,134.73266197949732,663.8160174798147,135.66398252018524
950,950,500.0,399.74,134.73266197949732,663.8160174798147,135.66398252018524
951,951,500.0,399.74,134.73266197949732,663.8160174798147,135.66398252018524
952,952,500.0,399.74,134.73266197949732,663.8160174798147,135.66398252018524
953,953,500.0,399.74,134.73266197949732,663.8160174798147,135.66398252018524
954,954,500.0,399.74,134.73266197949732,663.8160174798147,135.66398252018524
955,955,500.0,399.74,134.73266197949732,663.8160174798147,135.66398252018524
956,956,500.0,399.74,134.73266197949732,663.8160174798147,135.66398252018524
957,957,500.0,399.74,134.73266197949732,663.8160174798147,135.66398252018524
958,958,500.0,399.74,134.73266197949732,663.8160174798147,135.66398252018524
959,959,500.0,399.74,134.73266197949732,663.8160174798147,135.66398252018524
960,960,500.0,399.74,134.73266197949732,663.8160174798147,135.66398252018524
961,961,500.0,399.74,134.73266197949732,663.8160174798147,135.66398252018524
962,962,500.0,399.74,134.73266197949732,663.8160174798147,135.66398252018524
963,963,500.0,399.74,134.73266197949732,663.8160174798147,135.66398252018524
964,964,500.0,399.74,134.73266197949732,663.8160174798147,135.66398252018524
965,965,500.0,399.74,134.73266197949732,663.8160174798147,135.66398252018524
966,966,500.0,399.74,134.73266197949732,663.8160174798147,135.66398252018524
967,967,500.0,403.04,135.13469621991544,667.9040045910342,138.17599540896578
968,968,500.0,403.04,135.13469621991544,667.9040045910342,138.17599540896578
969,969,500.0,406.56,135.32593458546083,671.7988317875032,141.3211682124968
970,970,500.0,410.98,134.68216402375742,674.9570414865645,147.0029585134355
971,971,500.0,416.2,132.9270169556759,676.7369532331247,155.66304676687525
972,972,500.0,421.8,130.36604666265228,677.3174514587985,166.28254854120155
973,973,500.0,426.7,128.56051540985993,678.6786102033254,174.72138979667452
974,974,500.0,433.14,123.82591631407482,675.8387959755867,190.44120402441334
975,975,500.0,438.58,120.56145693362798,674.8804555899108,202.27954441008916
976,976,500.0,445.64,113.25242890579025,667.6147606553488,223.6652393446511
977,977,500.0,451.7,107.64420797332261,662.6826476277123,240.71735237228768
978,978,500.0,458.7,98.6269512364847,652.00882442351,265.39117557649
979,979,500.0,464.72,91.37119628309532,643.8075447148668,285.63245528513323
980,980,500.0,470.54,83.69580732190327,634.5837823509305,306.4962176490696
981,981,500.0,476.1,75.70006605016835,624.47212945833,327.7278705416701
982,982,500.0,481.94,65.11885836135002,609.5729623882461,354.30703761175397
983,983,500.0,487.7,52.21277113300543,590.0370314206906,385.3629685793093
984,984,500.0,492.92,37.936488277870325,567.2755170246259,418.5644829753742
985,985,500.0,497.9,14.849242404912419,527.0045151136284,468.79548488637164
986,986,500.0,500.0,0.0,500.0,500.0
987,987,500.0,500.0,0.0,500.0,500.0
988,988,500.0,500.0,0.0,500.0,500.0
989,989,500.0,500.0,0.0,500.0,500.0
990,990,500.0,500.0,0.0,500.0,500.0
991,991,500.0,500.0,0.0,500.0,500.0
992,992,500.0,500.0,0.0,500.0,500.0
993,993,500.0,500.0,0.0,500.0,500.0
994,994,500.0,500.0,0.0,500.0,500.0
995,995,500.0,500.0,0.0,500.0,500.0
996,996,500.0,500.0,0.0,500.0,500.0
997,997,500.0,500.0,0.0,500.0,500.0
998,998,338.0,496.76,22.91025971044085,541.664109032464,451.8558909675359
999,999,500.0,496.76,22.91025971044085,541.664109032464,451.8558909675359
1000,1000,500.0,496.76,22.91025971044085,541.664109032464,451.8558909675359
1001,1001,500.0,496.76,22.91025971044085,541.664109032464,451.8558909675359
1002,1002,500.0,496.76,22.91025971044085,541.664109032464,451.8558909675359
1003,1003,500.0,496.76,22.91025971044085,541.664109032464,451.8558909675359
1004,1004,500.0,496.76,22.91025971044085,541.664109032464,451.8558909675359
1005,1005,500.0,496.76,22.91025971044085,541.664109032464,451.8558909675359
1006,1006,500.0,496.76,22.91025971044085,541.664109032464,451.8558909675359
1007,1007,500.0,496.76,22.91025971044085,541.664109032464,451.8558909675359
1008,1008,500.0,496.76,22.91025971044085,541.664109032464,451.8558909675359
1009,1009,500.0,496.76,22.91025971044085,541.664109032464,451.8558909675359
1010,1010,500.0,496.76,22.91025971044085,541.664109032464,451.8558909675359
1011,1011,500.0,496.76,22.91025971044085,541.664109032464,451.8558909675359
1012,1012,500.0,496.76,22.91025971044085,541.664109032464,451.8558909675359
1013,1013,500.0,496.76,22.91025971044085,541.664109032464,451.8558909675359
1014,1014,500.0,496.76,22.91025971044085,541.664109032464,451.8558909675359
1015,1015,500.0,496.76,22.91025971044085,541.664109032464,451.8558909675359
1016,1016,500.0,496.76,22.91025971044085,541.664109032464,451.8558909675359
1017,1017,500.0,496.76,22.91025971044085,541.664109032464,451.8558909675359
1018,1018,500.0,496.76,22.91025971044085,541.664109032464,451.8558909675359
1019,1019,500.0,496.76,22.91025971044085,541.664109032464,451.8558909675359
1020,1020,500.0,496.76,22.91025971044085,541.664109032464,451.8558909675359
1021,1021,500.0,496.76,22.91025971044085,541.664109032464,451.8558909675359
1022,1022,500.0,496.76,22.91025971044085,541.664109032464,451.8558909675359
1023,1023,500.0,496.76,22.91025971044085,541.664109032464,451.8558909675359
1024,1024,500.0,496.76,22.91025971044085,541.664109032464,451.8558909675359
1025,1025,500.0,496.76,22.91025971044085,541.664109032464,451.8558909675359
1026,1026,500.0,496.76,22.91025971044085,541.664109032464,451.8558909675359
1027,1027,500.0,496.76,22.91025971044085,541.664109032464,451.8558909675359
1028,1028,500.0,496.76,22.91025971044085,541.664109032464,451.8558909675359
1029,1029,500.0,496.76,22.91025971044085,541.664109032464,451.8558909675359
1030,1030,500.0,496.76,22.91025971044085,541.664109032464,451.8558909675359
1031,1031,500.0,496.76,22.91025971044085,541.664109032464,451.8558909675359
1032,1032,500.0,496.76,22.91025971044085,541.664109032464,451.8558909675359
1033,1033,500.0,496.76,22.91025971044085,541.664109032464,451.8558909675359
1034,1034,500.0,496.76,22.91025971044085,541.664109032464,451.8558909675359
1035,1035,500.0,496.76,22.91025971044085,541.664109032464,451.8558909675359
1036,1036,500.0,496.76,22.91025971044085,541.664109032464,451.8558909675359
1037,1037,500.0,496.76,22.91025971044085,541.664109032464,451.8558909675359
1038,1038,500.0,496.76,22.91025971044085,541.664109032464,451.8558909675359
1039,1039,500.0,496.76,22.91025971044085,541.664109032464,451.8558909675359
1040,1040,500.0,496.76,22.91025971044085,541.664109032464,451.8558909675359
1041,1041,500.0,496.76,22.91025971044085,541.664109032464,451.8558909675359
1042,1042,500.0,496.76,22.91025971044085,541.664109032464,451.8558909675359
1043,1043,500.0,496.76,22.91025971044085,541.664109032464,451.8558909675359
1044,1044,500.0,496.76,22.91025971044085,541.664109032464,451.8558909675359
1045,1045,500.0,496.76,22.91025971044085,541.664109032464,451.8558909675359
1046,1046,500.0,496.76,22.91025971044085,541.664109032464,451.8558909675359
1047,1047,500.0,496.76,22.91025971044085,541.664109032464,451.8558909675359
1048,1048,500.0,500.0,0.0,500.0,500.0
1049,1049,500.0,500.0,0.0,500.0,500.0
1050,1050,500.0,500.0,0.0,500.0,500.0
1051,1051,500.0,500.0,0.0,500.0,500.0
1052,1052,500.0,500.0,0.0,500.0,500.0
1053,1053,500.0,500.0,0.0,500.0,500.0
1054,1054,500.0,500.0,0.0,500.0,500.0
1055,1055,500.0,500.0,0.0,500.0,500.0
1056,1056,500.0,500.0,0.0,500.0,500.0
1057,1057,500.0,500.0,0.0,500.0,500.0
1058,1058,494.0,499.88,0.8485281373347126,501.54311514917606,498.21688485082393
1059,1059,369.0,497.26,18.528312587680187,533.5754926718531,460.9445073281468
1060,1060,353.0,494.32,27.550650942342337,548.319275846991,440.320724153009
1061,1061,433.0,492.98,28.866681591798866,549.5586959199258,436.4013040800742
1062,1062,500.0,492.98,28.866681591798866,549.5586959199258,436.4013040800742
1063,1063,500.0,492.98,28.866681591798866,549.5586959199258,436.4013040800742
1064,1064,500.0,492.98,28.866681591798866,549.5586959199258,436.4013040800742
1065,1065,500.0,492.98,28.866681591798866,549.5586959199258,436.4013040800742
1066,1066,500.0,492.98,28.866681591798866,549.5586959199258,436.4013040800742
1067,1067,500.0,492.98,28.866681591798866,549.5586959199258,436.4013040800742
1068,1068,500.0,492.98,28.866681591798866,549.5586959199258,436.4013040800742
1069,1069,500.0,492.98,28.866681591798866,549.5586959199258,436.4013040800742
1070,1070,500.0,492.98,28.866681591798866,549.5586959199258,436.4013040800742
1071,1071,500.0,492.98,28.866681591798866,549.5586959199258,436.4013040800742
1072,1072,500.0,492.98,28.866681591798866,549.5586959199258,436.4013040800742
1073,1073,500.0,492.98,28.866681591798866,549.5586959199258,436.4013040800742
1074,1074,500.0,492.98,28.866681591798866,549.5586959199258,436.4013040800742
1075,1075,500.0,492.98,28.866681591798866,549.5586959199258,436.4013040800742
1076,1076,500.0,492.98,28.866681591798866,549.5586959199258,436.4013040800742
1077,1077,500.0,492.98,28.866681591798866,549.5586959199258,436.4013040800742
1078,1078,500.0,492.98,28.866681591798866,549.5586959199258,436.4013040800742
1079,1079,500.0,492.98,28.866681591798866,549.5586959199258,436.4013040800742
1080,1080,500.0,492.98,28.866681591798866,549.5586959199258,436.4013040800742
1081,1081,500.0,492.98,28.866681591798866,549.5586959199258,436.4013040800742
1082,1082,500.0,492.98,28.866681591798866,549.5586959199258,436.4013040800742
1083,1083,500.0,492.98,28.866681591798866,549.5586959199258,436.4013040800742
1084,1084,500.0,492.98,28.866681591798866,549.5586959199258,436.4013040800742
1085,1085,500.0,492.98,28.866681591798866,549.5586959199258,436.4013040800742
1086,1086,500.0,492.98,28.866681591798866,549.5586959199258,436.4013040800742
1087,1087,500.0,492.98,28.866681591798866,549.5586959199258,436.4013040800742
1088,1088,500.0,492.98,28.866681591798866,549.5586959199258,436.4013040800742
1089,1089,500.0,492.98,28.866681591798866,549.5586959199258,436.4013040800742
1090,1090,500.0,492.98,28.866681591798866,549.5586959199258,436.4013040800742
1091,1091,500.0,492.98,28.866681591798866,549.5586959199258,436.4013040800742
1092,1092,500.0,492.98,28.866681591798866,549.5586959199258,436.4013040800742
1093,1093,500.0,492.98,28.866681591798866,549.5586959199258,436.4013040800742
1094,1094,500.0,492.98,28.866681591798866,549.5586959199258,436.4013040800742
1095,1095,500.0,492.98,28.866681591798866,549.5586959199258,436.4013040800742
1096,1096,500.0,492.98,28.866681591798866,549.5586959199258,436.4013040800742
1097,1097,500.0,492.98,28.866681591798866,549.5586959199258,436.4013040800742
1098,1098,500.0,492.98,28.866681591798866,549.5586959199258,436.4013040800742
1099,1099,500.0,492.98,28.866681591798866,549.5586959199258,436.4013040800742
1100,1100,500.0,492.98,28.866681591798866,549.5586959199258,436.4013040800742
1101,1101,500.0,492.98,28.866681591798866,549.5586959199258,436.4013040800742
1102,1102,500.0,492.98,28.866681591798866,549.5586959199258,436.4013040800742
1103,1103,500.0,492.98,28.866681591798866,549.5586959199258,436.4013040800742
1104,1104,500.0,492.98,28.866681591798866,549.5586959199258,436.4013040800742
1105,1105,500.0,492.98,28.866681591798866,549.5586959199258,436.4013040800742
1106,1106,500.0,492.98,28.866681591798866,549.5586959199258,436.4013040800742
1107,1107,500.0,492.98,28.866681591798866,549.5586959199258,436.4013040800742
1108,1108,500.0,493.1,28.88347454931049,549.7116101166486,436.4883898833515
1109,1109,500.0,495.72,22.66980370448429,540.1528152607892,451.28718473921083
1110,1110,500.0,498.66,9.47523086789176,517.2314525010679,480.0885474989322
1111,1111,500.0,500.0,0.0,500.0,500.0
1112,1112,500.0,500.0,0.0,500.0,500.0
1113,1113,500.0,500.0,0.0,500.0,500.0
1114,1114,500.0,500.0,0.0,500.0,500.0
